sku,component,component_units_per_product
MB861,Truffle,1000
MB861,Label,2
MB861,Outer Box,1
MB862,Truffle,1000
MB862,Label,2
MB862,Outer Box,1
MB863,Truffle,1000
MB863,Label,2
MB863,Outer Box,1
MB864,Truffle,1000
MB864,Label,2
MB864,Outer Box,1
MB865,Truffle,1000
MB865,Label,2
MB865,Outer Box,1
MB866,Truffle,1000
MB866,Label,2
MB866,Outer Box,1
MB867,Truffle,1000
MB867,Label,2
MB867,Outer Box,1
MB868,Truffle,1000
MB868,Label,2
MB868,Outer Box,1
MB869,Truffle,1000
MB869,Label,2
MB869,Outer Box,1
MB870,Truffle,1000
MB870,Label,2
MB870,Outer Box,1
MB871,Truffle,1000
MB871,Label,2
MB871,Outer Box,1
MB872,Truffle,1000
MB872,Label,2
MB872,Outer Box,1
MB873,Truffle,1000
MB873,Label,2
MB873,Outer Box,1
MB874,Truffle,1000
MB874,Label,2
MB874,Outer Box,1
MB875,Truffle,1000
MB875,Label,2
MB875,Outer Box,1