month_start,sku,product,monthly_order_quantity,number_of_orders,average_order_quantity,max_order_quantity,unique_customers,year,month,quarter,previous_month_quantity,previous_month_orders,previous_month_customers,rolling_3_month_avg_quantity,target_next_month_quantity
2025-08-01,MB861,Flow Wrap 1Kg Bulk Truffle Trunk - Caramel Crunch,6231,18,346.166667,509,5,2025,8,3,,,,6231.0,6896
2025-09-01,MB861,Flow Wrap 1Kg Bulk Truffle Trunk - Caramel Crunch,6896,17,405.647059,524,7,2025,9,3,6896.0,17.0,7.0,6563.5,8192
2025-10-01,MB861,Flow Wrap 1Kg Bulk Truffle Trunk - Caramel Crunch,8192,20,409.6,714,6,2025,10,4,8192.0,20.0,6.0,7106.333333,8578
2025-11-01,MB861,Flow Wrap 1Kg Bulk Truffle Trunk - Caramel Crunch,8578,25,343.12,476,4,2025,11,4,8578.0,25.0,4.0,7888.666667,9332
2025-12-01,MB861,Flow Wrap 1Kg Bulk Truffle Trunk - Caramel Crunch,9332,23,405.73913,536,7,2025,12,4,9332.0,23.0,7.0,8700.666667,10404
2026-01-01,MB861,Flow Wrap 1Kg Bulk Truffle Trunk - Caramel Crunch,10404,31,335.612903,533,4,2026,1,1,10404.0,31.0,4.0,9438.0,10691
2026-02-01,MB861,Flow Wrap 1Kg Bulk Truffle Trunk - Caramel Crunch,10691,34,314.441176,465,6,2026,2,1,10691.0,34.0,6.0,10142.333333,11144
2026-03-01,MB861,Flow Wrap 1Kg Bulk Truffle Trunk - Caramel Crunch,11144,26,428.615385,679,3,2026,3,1,11144.0,26.0,3.0,10746.333333,10941
2026-04-01,MB861,Flow Wrap 1Kg Bulk Truffle Trunk - Caramel Crunch,10941,27,405.222222,669,7,2026,4,2,10941.0,27.0,7.0,10925.333333,10224
2026-05-01,MB861,Flow Wrap 1Kg Bulk Truffle Trunk - Caramel Crunch,10224,29,352.551724,603,5,2026,5,2,10224.0,29.0,5.0,10769.666667,10244
2026-06-01,MB861,Flow Wrap 1Kg Bulk Truffle Trunk - Caramel Crunch,10244,31,330.451613,430,7,2026,6,2,10244.0,31.0,7.0,10469.666667,9613
2026-07-01,MB861,Flow Wrap 1Kg Bulk Truffle Trunk - Caramel Crunch,9613,26,369.730769,508,4,2026,7,3,9613.0,26.0,4.0,10027.0,9301
2025-08-01,MB862,Flow Wrap 1Kg Bulk Truffle Trunk - Hazelnut Heaven,4157,9,461.888889,709,5,2025,8,3,,,,4157.0,4292
2025-09-01,MB862,Flow Wrap 1Kg Bulk Truffle Trunk - Hazelnut Heaven,4292,15,286.133333,456,5,2025,9,3,4292.0,15.0,5.0,4224.5,4404
2025-10-01,MB862,Flow Wrap 1Kg Bulk Truffle Trunk - Hazelnut Heaven,4404,12,367.0,528,3,2025,10,4,4404.0,12.0,3.0,4284.333333,5358
2025-11-01,MB862,Flow Wrap 1Kg Bulk Truffle Trunk - Hazelnut Heaven,5358,15,357.2,613,4,2025,11,4,5358.0,15.0,4.0,4684.666667,5858
2025-12-01,MB862,Flow Wrap 1Kg Bulk Truffle Trunk - Hazelnut Heaven,5858,16,366.125,475,5,2025,12,4,5858.0,16.0,5.0,5206.666667,5855
2026-01-01,MB862,Flow Wrap 1Kg Bulk Truffle Trunk - Hazelnut Heaven,5855,17,344.411765,452,3,2026,1,1,5855.0,17.0,3.0,5690.333333,6025
2026-02-01,MB862,Flow Wrap 1Kg Bulk Truffle Trunk - Hazelnut Heaven,6025,19,317.105263,523,4,2026,2,1,6025.0,19.0,4.0,5912.666667,5949
2026-03-01,MB862,Flow Wrap 1Kg Bulk Truffle Trunk - Hazelnut Heaven,5949,14,424.928571,607,5,2026,3,1,5949.0,14.0,5.0,5943.0,5228
2026-04-01,MB862,Flow Wrap 1Kg Bulk Truffle Trunk - Hazelnut Heaven,5228,14,373.428571,648,3,2026,4,2,5228.0,14.0,3.0,5734.0,4890
2026-05-01,MB862,Flow Wrap 1Kg Bulk Truffle Trunk - Hazelnut Heaven,4890,13,376.153846,549,3,2026,5,2,4890.0,13.0,3.0,5355.666667,4557
2026-06-01,MB862,Flow Wrap 1Kg Bulk Truffle Trunk - Hazelnut Heaven,4557,11,414.272727,716,6,2026,6,2,4557.0,11.0,6.0,4891.666667,4489
2026-07-01,MB862,Flow Wrap 1Kg Bulk Truffle Trunk - Hazelnut Heaven,4489,12,374.083333,624,7,2026,7,3,4489.0,12.0,7.0,4645.333333,4562
2025-08-01,MB863,Flow Wrap 1Kg Bulk Truffle Trunk - Raspberry Ripple,3413,10,341.3,433,7,2025,8,3,,,,3413.0,3598
2025-09-01,MB863,Flow Wrap 1Kg Bulk Truffle Trunk - Raspberry Ripple,3598,9,399.777778,543,7,2025,9,3,3598.0,9.0,7.0,3505.5,3724
2025-10-01,MB863,Flow Wrap 1Kg Bulk Truffle Trunk - Raspberry Ripple,3724,9,413.777778,664,3,2025,10,4,3724.0,9.0,3.0,3578.333333,4052
2025-11-01,MB863,Flow Wrap 1Kg Bulk Truffle Trunk - Raspberry Ripple,4052,10,405.2,684,3,2025,11,4,4052.0,10.0,3.0,3791.333333,4111
2025-12-01,MB863,Flow Wrap 1Kg Bulk Truffle Trunk - Raspberry Ripple,4111,10,411.1,672,6,2025,12,4,4111.0,10.0,6.0,3962.333333,4022
2026-01-01,MB863,Flow Wrap 1Kg Bulk Truffle Trunk - Raspberry Ripple,4022,13,309.384615,460,4,2026,1,1,4022.0,13.0,4.0,4061.666667,3693
2026-02-01,MB863,Flow Wrap 1Kg Bulk Truffle Trunk - Raspberry Ripple,3693,9,410.333333,572,6,2026,2,1,3693.0,9.0,6.0,3942.0,3519
2026-03-01,MB863,Flow Wrap 1Kg Bulk Truffle Trunk - Raspberry Ripple,3519,11,319.909091,418,3,2026,3,1,3519.0,11.0,3.0,3744.666667,3257
2026-04-01,MB863,Flow Wrap 1Kg Bulk Truffle Trunk - Raspberry Ripple,3257,7,465.285714,589,5,2026,4,2,3257.0,7.0,5.0,3489.666667,3046
2026-05-01,MB863,Flow Wrap 1Kg Bulk Truffle Trunk - Raspberry Ripple,3046,7,435.142857,568,5,2026,5,2,3046.0,7.0,5.0,3274.0,2952
2026-06-01,MB863,Flow Wrap 1Kg Bulk Truffle Trunk - Raspberry Ripple,2952,6,492.0,856,6,2026,6,2,2952.0,6.0,6.0,3085.0,2977
2026-07-01,MB863,Flow Wrap 1Kg Bulk Truffle Trunk - Raspberry Ripple,2977,7,425.285714,582,6,2026,7,3,2977.0,7.0,6.0,2991.666667,2775
2025-08-01,MB864,Flow Wrap 1Kg Bulk Truffle Trunk - Dark Chocolate,4103,9,455.888889,797,4,2025,8,3,,,,4103.0,4291
2025-09-01,MB864,Flow Wrap 1Kg Bulk Truffle Trunk - Dark Chocolate,4291,9,476.777778,780,4,2025,9,3,4291.0,9.0,4.0,4197.0,4669
2025-10-01,MB864,Flow Wrap 1Kg Bulk Truffle Trunk - Dark Chocolate,4669,14,333.5,561,7,2025,10,4,4669.0,14.0,7.0,4354.333333,5413
2025-11-01,MB864,Flow Wrap 1Kg Bulk Truffle Trunk - Dark Chocolate,5413,16,338.3125,497,7,2025,11,4,5413.0,16.0,7.0,4791.0,5812
2025-12-01,MB864,Flow Wrap 1Kg Bulk Truffle Trunk - Dark Chocolate,5812,15,387.466667,602,6,2025,12,4,5812.0,15.0,6.0,5298.0,6534
2026-01-01,MB864,Flow Wrap 1Kg Bulk Truffle Trunk - Dark Chocolate,6534,14,466.714286,608,7,2026,1,1,6534.0,14.0,7.0,5919.666667,6124
2026-02-01,MB864,Flow Wrap 1Kg Bulk Truffle Trunk - Dark Chocolate,6124,18,340.222222,510,5,2026,2,1,6124.0,18.0,5.0,6156.666667,5704
2026-03-01,MB864,Flow Wrap 1Kg Bulk Truffle Trunk - Dark Chocolate,5704,14,407.428571,516,3,2026,3,1,5704.0,14.0,3.0,6120.666667,5520
2026-04-01,MB864,Flow Wrap 1Kg Bulk Truffle Trunk - Dark Chocolate,5520,19,290.526316,452,6,2026,4,2,5520.0,19.0,6.0,5782.666667,4543
2026-05-01,MB864,Flow Wrap 1Kg Bulk Truffle Trunk - Dark Chocolate,4543,10,454.3,710,5,2026,5,2,4543.0,10.0,5.0,5255.666667,4032
2026-06-01,MB864,Flow Wrap 1Kg Bulk Truffle Trunk - Dark Chocolate,4032,14,288.0,501,7,2026,6,2,4032.0,14.0,7.0,4698.333333,3711
2026-07-01,MB864,Flow Wrap 1Kg Bulk Truffle Trunk - Dark Chocolate,3711,9,412.333333,690,3,2026,7,3,3711.0,9.0,3.0,4095.333333,3658
2025-08-01,MB865,Flow Wrap 1Kg Bulk Truffle Trunk - Vanilla Velvet,3661,9,406.777778,548,6,2025,8,3,,,,3661.0,4057
2025-09-01,MB865,Flow Wrap 1Kg Bulk Truffle Trunk - Vanilla Velvet,4057,11,368.818182,627,5,2025,9,3,4057.0,11.0,5.0,3859.0,4293
2025-10-01,MB865,Flow Wrap 1Kg Bulk Truffle Trunk - Vanilla Velvet,4293,12,357.75,562,6,2025,10,4,4293.0,12.0,6.0,4003.666667,4614
2025-11-01,MB865,Flow Wrap 1Kg Bulk Truffle Trunk - Vanilla Velvet,4614,15,307.6,434,5,2025,11,4,4614.0,15.0,5.0,4321.333333,4852
2025-12-01,MB865,Flow Wrap 1Kg Bulk Truffle Trunk - Vanilla Velvet,4852,12,404.333333,582,6,2025,12,4,4852.0,12.0,6.0,4586.333333,4805
2026-01-01,MB865,Flow Wrap 1Kg Bulk Truffle Trunk - Vanilla Velvet,4805,14,343.214286,433,7,2026,1,1,4805.0,14.0,7.0,4757.0,4850
2026-02-01,MB865,Flow Wrap 1Kg Bulk Truffle Trunk - Vanilla Velvet,4850,16,303.125,512,5,2026,2,1,4850.0,16.0,5.0,4835.666667,4655
2026-03-01,MB865,Flow Wrap 1Kg Bulk Truffle Trunk - Vanilla Velvet,4655,15,310.333333,452,6,2026,3,1,4655.0,15.0,6.0,4770.0,4606
2026-04-01,MB865,Flow Wrap 1Kg Bulk Truffle Trunk - Vanilla Velvet,4606,11,418.727273,619,7,2026,4,2,4606.0,11.0,7.0,4703.666667,4284
2026-05-01,MB865,Flow Wrap 1Kg Bulk Truffle Trunk - Vanilla Velvet,4284,12,357.0,529,6,2026,5,2,4284.0,12.0,6.0,4515.0,3998
2026-06-01,MB865,Flow Wrap 1Kg Bulk Truffle Trunk - Vanilla Velvet,3998,10,399.8,623,5,2026,6,2,3998.0,10.0,5.0,4296.0,3737
2026-07-01,MB865,Flow Wrap 1Kg Bulk Truffle Trunk - Vanilla Velvet,3737,12,311.416667,523,6,2026,7,3,3737.0,12.0,6.0,4006.333333,3949
2025-08-01,MB866,Flow Wrap 1Kg Bulk Truffle Trunk - Hazelnut Heaven,3576,11,325.090909,485,6,2025,8,3,,,,3576.0,3703
2025-09-01,MB866,Flow Wrap 1Kg Bulk Truffle Trunk - Hazelnut Heaven,3703,11,336.636364,431,4,2025,9,3,3703.0,11.0,4.0,3639.5,3919
2025-10-01,MB866,Flow Wrap 1Kg Bulk Truffle Trunk - Hazelnut Heaven,3919,10,391.9,517,6,2025,10,4,3919.0,10.0,6.0,3732.666667,4722
2025-11-01,MB866,Flow Wrap 1Kg Bulk Truffle Trunk - Hazelnut Heaven,4722,13,363.230769,605,6,2025,11,4,4722.0,13.0,6.0,4114.666667,5394
2025-12-01,MB866,Flow Wrap 1Kg Bulk Truffle Trunk - Hazelnut Heaven,5394,16,337.125,482,6,2025,12,4,5394.0,16.0,6.0,4678.333333,6112
2026-01-01,MB866,Flow Wrap 1Kg Bulk Truffle Trunk - Hazelnut Heaven,6112,15,407.466667,574,3,2026,1,1,6112.0,15.0,3.0,5409.333333,5991
2026-02-01,MB866,Flow Wrap 1Kg Bulk Truffle Trunk - Hazelnut Heaven,5991,20,299.55,492,3,2026,2,1,5991.0,20.0,3.0,5832.333333,5672
2026-03-01,MB866,Flow Wrap 1Kg Bulk Truffle Trunk - Hazelnut Heaven,5672,15,378.133333,655,3,2026,3,1,5672.0,15.0,3.0,5925.0,5586
2026-04-01,MB866,Flow Wrap 1Kg Bulk Truffle Trunk - Hazelnut Heaven,5586,13,429.692308,665,3,2026,4,2,5586.0,13.0,3.0,5749.666667,4791
2026-05-01,MB866,Flow Wrap 1Kg Bulk Truffle Trunk - Hazelnut Heaven,4791,14,342.214286,548,3,2026,5,2,4791.0,14.0,3.0,5349.666667,4639
2026-06-01,MB866,Flow Wrap 1Kg Bulk Truffle Trunk - Hazelnut Heaven,4639,14,331.357143,545,7,2026,6,2,4639.0,14.0,7.0,5005.333333,4239
2026-07-01,MB866,Flow Wrap 1Kg Bulk Truffle Trunk - Hazelnut Heaven,4239,9,471.0,627,3,2026,7,3,4239.0,9.0,3.0,4556.333333,4400
2025-08-01,MB867,Flow Wrap 1Kg Bulk Truffle Trunk - Raspberry Ripple,4517,10,451.7,721,3,2025,8,3,,,,4517.0,4978
2025-09-01,MB867,Flow Wrap 1Kg Bulk Truffle Trunk - Raspberry Ripple,4978,16,311.125,537,7,2025,9,3,4978.0,16.0,7.0,4747.5,5716
2025-10-01,MB867,Flow Wrap 1Kg Bulk Truffle Trunk - Raspberry Ripple,5716,15,381.066667,654,4,2025,10,4,5716.0,15.0,4.0,5070.333333,6211
2025-11-01,MB867,Flow Wrap 1Kg Bulk Truffle Trunk - Raspberry Ripple,6211,18,345.055556,521,6,2025,11,4,6211.0,18.0,6.0,5635.0,6912
2025-12-01,MB867,Flow Wrap 1Kg Bulk Truffle Trunk - Raspberry Ripple,6912,20,345.6,534,4,2025,12,4,6912.0,20.0,4.0,6279.666667,6975
2026-01-01,MB867,Flow Wrap 1Kg Bulk Truffle Trunk - Raspberry Ripple,6975,23,303.26087,459,4,2026,1,1,6975.0,23.0,4.0,6699.333333,7379
2026-02-01,MB867,Flow Wrap 1Kg Bulk Truffle Trunk - Raspberry Ripple,7379,18,409.944444,584,4,2026,2,1,7379.0,18.0,4.0,7088.666667,7587
2026-03-01,MB867,Flow Wrap 1Kg Bulk Truffle Trunk - Raspberry Ripple,7587,18,421.5,569,3,2026,3,1,7587.0,18.0,3.0,7313.666667,6762
2026-04-01,MB867,Flow Wrap 1Kg Bulk Truffle Trunk - Raspberry Ripple,6762,22,307.363636,485,6,2026,4,2,6762.0,22.0,6.0,7242.666667,5732
2026-05-01,MB867,Flow Wrap 1Kg Bulk Truffle Trunk - Raspberry Ripple,5732,19,301.684211,431,3,2026,5,2,5732.0,19.0,3.0,6693.666667,5683
2026-06-01,MB867,Flow Wrap 1Kg Bulk Truffle Trunk - Raspberry Ripple,5683,14,405.928571,648,3,2026,6,2,5683.0,14.0,3.0,6059.0,5667
2026-07-01,MB867,Flow Wrap 1Kg Bulk Truffle Trunk - Raspberry Ripple,5667,16,354.1875,493,3,2026,7,3,5667.0,16.0,3.0,5694.0,5769
2025-08-01,MB868,Flow Wrap 1Kg Bulk Truffle Trunk - Dark Chocolate,3541,10,354.1,579,6,2025,8,3,,,,3541.0,3831
2025-09-01,MB868,Flow Wrap 1Kg Bulk Truffle Trunk - Dark Chocolate,3831,11,348.272727,459,6,2025,9,3,3831.0,11.0,6.0,3686.0,4123
2025-10-01,MB868,Flow Wrap 1Kg Bulk Truffle Trunk - Dark Chocolate,4123,11,374.818182,519,3,2025,10,4,4123.0,11.0,3.0,3831.666667,4547
2025-11-01,MB868,Flow Wrap 1Kg Bulk Truffle Trunk - Dark Chocolate,4547,15,303.133333,379,4,2025,11,4,4547.0,15.0,4.0,4167.0,4794
2025-12-01,MB868,Flow Wrap 1Kg Bulk Truffle Trunk - Dark Chocolate,4794,10,479.4,652,6,2025,12,4,4794.0,10.0,6.0,4488.0,4924
2026-01-01,MB868,Flow Wrap 1Kg Bulk Truffle Trunk - Dark Chocolate,4924,16,307.75,437,3,2026,1,1,4924.0,16.0,3.0,4755.0,5259
2026-02-01,MB868,Flow Wrap 1Kg Bulk Truffle Trunk - Dark Chocolate,5259,13,404.538462,650,4,2026,2,1,5259.0,13.0,4.0,4992.333333,4775
2026-03-01,MB868,Flow Wrap 1Kg Bulk Truffle Trunk - Dark Chocolate,4775,16,298.4375,420,5,2026,3,1,4775.0,16.0,5.0,4986.0,4576
2026-04-01,MB868,Flow Wrap 1Kg Bulk Truffle Trunk - Dark Chocolate,4576,10,457.6,681,7,2026,4,2,4576.0,10.0,7.0,4870.0,4367
2026-05-01,MB868,Flow Wrap 1Kg Bulk Truffle Trunk - Dark Chocolate,4367,10,436.7,552,6,2026,5,2,4367.0,10.0,6.0,4572.666667,4204
2026-06-01,MB868,Flow Wrap 1Kg Bulk Truffle Trunk - Dark Chocolate,4204,9,467.111111,676,5,2026,6,2,4204.0,9.0,5.0,4382.333333,3985
2026-07-01,MB868,Flow Wrap 1Kg Bulk Truffle Trunk - Dark Chocolate,3985,12,332.083333,580,6,2026,7,3,3985.0,12.0,6.0,4185.333333,3654
2025-08-01,MB869,Flow Wrap 1Kg Bulk Truffle Trunk - Vanilla Velvet,2712,6,452.0,631,7,2025,8,3,,,,2712.0,3107
2025-09-01,MB869,Flow Wrap 1Kg Bulk Truffle Trunk - Vanilla Velvet,3107,8,388.375,608,3,2025,9,3,3107.0,8.0,3.0,2909.5,3392
2025-10-01,MB869,Flow Wrap 1Kg Bulk Truffle Trunk - Vanilla Velvet,3392,9,376.888889,592,6,2025,10,4,3392.0,9.0,6.0,3070.333333,3964
2025-11-01,MB869,Flow Wrap 1Kg Bulk Truffle Trunk - Vanilla Velvet,3964,9,440.444444,709,4,2025,11,4,3964.0,9.0,4.0,3487.666667,4508
2025-12-01,MB869,Flow Wrap 1Kg Bulk Truffle Trunk - Vanilla Velvet,4508,13,346.769231,527,7,2025,12,4,4508.0,13.0,7.0,3954.666667,5018
2026-01-01,MB869,Flow Wrap 1Kg Bulk Truffle Trunk - Vanilla Velvet,5018,13,386.0,501,5,2026,1,1,5018.0,13.0,5.0,4496.666667,5484
2026-02-01,MB869,Flow Wrap 1Kg Bulk Truffle Trunk - Vanilla Velvet,5484,16,342.75,466,4,2026,2,1,5484.0,16.0,4.0,5003.333333,5205
2026-03-01,MB869,Flow Wrap 1Kg Bulk Truffle Trunk - Vanilla Velvet,5205,17,306.176471,407,4,2026,3,1,5205.0,17.0,4.0,5235.666667,4970
2026-04-01,MB869,Flow Wrap 1Kg Bulk Truffle Trunk - Vanilla Velvet,4970,17,292.352941,380,5,2026,4,2,4970.0,17.0,5.0,5219.666667,4225
2026-05-01,MB869,Flow Wrap 1Kg Bulk Truffle Trunk - Vanilla Velvet,4225,11,384.090909,653,3,2026,5,2,4225.0,11.0,3.0,4800.0,4212
2026-06-01,MB869,Flow Wrap 1Kg Bulk Truffle Trunk - Vanilla Velvet,4212,9,468.0,649,6,2026,6,2,4212.0,9.0,6.0,4469.0,4337
2026-07-01,MB869,Flow Wrap 1Kg Bulk Truffle Trunk - Vanilla Velvet,4337,9,481.888889,678,4,2026,7,3,4337.0,9.0,4.0,4258.0,4380
2025-08-01,MB870,Flow Wrap 1Kg Bulk Truffle Trunk - Orange Zest,4080,9,453.333333,595,6,2025,8,3,,,,4080.0,4588
2025-09-01,MB870,Flow Wrap 1Kg Bulk Truffle Trunk - Orange Zest,4588,11,417.090909,526,4,2025,9,3,4588.0,11.0,4.0,4334.0,5195
2025-10-01,MB870,Flow Wrap 1Kg Bulk Truffle Trunk - Orange Zest,5195,15,346.333333,528,5,2025,10,4,5195.0,15.0,5.0,4621.0,6099
2025-11-01,MB870,Flow Wrap 1Kg Bulk Truffle Trunk - Orange Zest,6099,19,321.0,507,7,2025,11,4,6099.0,19.0,7.0,5294.0,6337
2025-12-01,MB870,Flow Wrap 1Kg Bulk Truffle Trunk - Orange Zest,6337,16,396.0625,518,6,2025,12,4,6337.0,16.0,6.0,5877.0,6128
2026-01-01,MB870,Flow Wrap 1Kg Bulk Truffle Trunk - Orange Zest,6128,14,437.714286,684,6,2026,1,1,6128.0,14.0,6.0,6188.0,6321
2026-02-01,MB870,Flow Wrap 1Kg Bulk Truffle Trunk - Orange Zest,6321,16,395.0625,560,7,2026,2,1,6321.0,16.0,7.0,6262.0,6324
2026-03-01,MB870,Flow Wrap 1Kg Bulk Truffle Trunk - Orange Zest,6324,15,421.6,569,6,2026,3,1,6324.0,15.0,6.0,6257.666667,5683
2026-04-01,MB870,Flow Wrap 1Kg Bulk Truffle Trunk - Orange Zest,5683,17,334.294118,490,5,2026,4,2,5683.0,17.0,5.0,6109.333333,4674
2026-05-01,MB870,Flow Wrap 1Kg Bulk Truffle Trunk - Orange Zest,4674,10,467.4,597,7,2026,5,2,4674.0,10.0,7.0,5560.333333,4338
2026-06-01,MB870,Flow Wrap 1Kg Bulk Truffle Trunk - Orange Zest,4338,11,394.363636,573,4,2026,6,2,4338.0,11.0,4.0,4898.333333,3760
2026-07-01,MB870,Flow Wrap 1Kg Bulk Truffle Trunk - Orange Zest,3760,8,470.0,816,3,2026,7,3,3760.0,8.0,3.0,4257.333333,4029
2025-08-01,MB871,Flow Wrap 1Kg Bulk Truffle Trunk - Coconut Cream,2625,7,375.0,633,6,2025,8,3,,,,2625.0,2664
2025-09-01,MB871,Flow Wrap 1Kg Bulk Truffle Trunk - Coconut Cream,2664,9,296.0,388,3,2025,9,3,2664.0,9.0,3.0,2644.5,2650
2025-10-01,MB871,Flow Wrap 1Kg Bulk Truffle Trunk - Coconut Cream,2650,6,441.666667,758,7,2025,10,4,2650.0,6.0,7.0,2646.333333,2823
2025-11-01,MB871,Flow Wrap 1Kg Bulk Truffle Trunk - Coconut Cream,2823,6,470.5,737,6,2025,11,4,2823.0,6.0,6.0,2712.333333,3061
2025-12-01,MB871,Flow Wrap 1Kg Bulk Truffle Trunk - Coconut Cream,3061,7,437.285714,570,4,2025,12,4,3061.0,7.0,4.0,2844.666667,3428
2026-01-01,MB871,Flow Wrap 1Kg Bulk Truffle Trunk - Coconut Cream,3428,11,311.636364,400,6,2026,1,1,3428.0,11.0,6.0,3104.0,3073
2026-02-01,MB871,Flow Wrap 1Kg Bulk Truffle Trunk - Coconut Cream,3073,8,384.125,611,5,2026,2,1,3073.0,8.0,5.0,3187.333333,2894
2026-03-01,MB871,Flow Wrap 1Kg Bulk Truffle Trunk - Coconut Cream,2894,6,482.333333,727,3,2026,3,1,2894.0,6.0,3.0,3131.666667,2440
2026-04-01,MB871,Flow Wrap 1Kg Bulk Truffle Trunk - Coconut Cream,2440,5,488.0,636,6,2026,4,2,2440.0,5.0,6.0,2802.333333,2322
2026-05-01,MB871,Flow Wrap 1Kg Bulk Truffle Trunk - Coconut Cream,2322,6,387.0,614,7,2026,5,2,2322.0,6.0,7.0,2552.0,2062
2026-06-01,MB871,Flow Wrap 1Kg Bulk Truffle Trunk - Coconut Cream,2062,5,412.4,616,6,2026,6,2,2062.0,5.0,6.0,2274.666667,2078
2026-07-01,MB871,Flow Wrap 1Kg Bulk Truffle Trunk - Coconut Cream,2078,5,415.6,547,4,2026,7,3,2078.0,5.0,4.0,2154.0,1890
2025-08-01,MB872,Flow Wrap 1Kg Bulk Truffle Trunk - Espresso Crunch,5589,12,465.75,645,6,2025,8,3,,,,5589.0,5697
2025-09-01,MB872,Flow Wrap 1Kg Bulk Truffle Trunk - Espresso Crunch,5697,13,438.230769,614,4,2025,9,3,5697.0,13.0,4.0,5643.0,6746
2025-10-01,MB872,Flow Wrap 1Kg Bulk Truffle Trunk - Espresso Crunch,6746,16,421.625,651,6,2025,10,4,6746.0,16.0,6.0,6010.666667,7809
2025-11-01,MB872,Flow Wrap 1Kg Bulk Truffle Trunk - Espresso Crunch,7809,22,354.954545,484,6,2025,11,4,7809.0,22.0,6.0,6750.666667,9071
2025-12-01,MB872,Flow Wrap 1Kg Bulk Truffle Trunk - Espresso Crunch,9071,24,377.958333,533,3,2025,12,4,9071.0,24.0,3.0,7875.333333,9906
2026-01-01,MB872,Flow Wrap 1Kg Bulk Truffle Trunk - Espresso Crunch,9906,26,381.0,631,6,2026,1,1,9906.0,26.0,6.0,8928.666667,10979
2026-02-01,MB872,Flow Wrap 1Kg Bulk Truffle Trunk - Espresso Crunch,10979,25,439.16,571,4,2026,2,1,10979.0,25.0,4.0,9985.333333,10109
2026-03-01,MB872,Flow Wrap 1Kg Bulk Truffle Trunk - Espresso Crunch,10109,33,306.333333,438,6,2026,3,1,10109.0,33.0,6.0,10331.333333,9201
2026-04-01,MB872,Flow Wrap 1Kg Bulk Truffle Trunk - Espresso Crunch,9201,29,317.275862,423,4,2026,4,2,9201.0,29.0,4.0,10096.333333,9193
2026-05-01,MB872,Flow Wrap 1Kg Bulk Truffle Trunk - Espresso Crunch,9193,20,459.65,668,4,2026,5,2,9193.0,20.0,4.0,9501.0,8264
2026-06-01,MB872,Flow Wrap 1Kg Bulk Truffle Trunk - Espresso Crunch,8264,22,375.636364,632,5,2026,6,2,8264.0,22.0,5.0,8886.0,8524
2026-07-01,MB872,Flow Wrap 1Kg Bulk Truffle Trunk - Espresso Crunch,8524,23,370.608696,639,7,2026,7,3,8524.0,23.0,7.0,8660.333333,9356
2025-08-01,MB873,Flow Wrap 1Kg Bulk Truffle Trunk - Lemon Cheesecake,4673,11,424.818182,693,6,2025,8,3,,,,4673.0,4479
2025-09-01,MB873,Flow Wrap 1Kg Bulk Truffle Trunk - Lemon Cheesecake,4479,14,319.928571,435,5,2025,9,3,4479.0,14.0,5.0,4576.0,4383
2025-10-01,MB873,Flow Wrap 1Kg Bulk Truffle Trunk - Lemon Cheesecake,4383,11,398.454545,632,3,2025,10,4,4383.0,11.0,3.0,4511.666667,4985
2025-11-01,MB873,Flow Wrap 1Kg Bulk Truffle Trunk - Lemon Cheesecake,4985,13,383.461538,488,4,2025,11,4,4985.0,13.0,4.0,4615.666667,5808
2025-12-01,MB873,Flow Wrap 1Kg Bulk Truffle Trunk - Lemon Cheesecake,5808,14,414.857143,546,4,2025,12,4,5808.0,14.0,4.0,5058.666667,6562
2026-01-01,MB873,Flow Wrap 1Kg Bulk Truffle Trunk - Lemon Cheesecake,6562,15,437.466667,643,4,2026,1,1,6562.0,15.0,4.0,5785.0,6535
2026-02-01,MB873,Flow Wrap 1Kg Bulk Truffle Trunk - Lemon Cheesecake,6535,15,435.666667,636,6,2026,2,1,6535.0,15.0,6.0,6301.666667,5735
2026-03-01,MB873,Flow Wrap 1Kg Bulk Truffle Trunk - Lemon Cheesecake,5735,19,301.842105,503,4,2026,3,1,5735.0,19.0,4.0,6277.333333,5432
2026-04-01,MB873,Flow Wrap 1Kg Bulk Truffle Trunk - Lemon Cheesecake,5432,17,319.529412,458,6,2026,4,2,5432.0,17.0,6.0,5900.666667,4889
2026-05-01,MB873,Flow Wrap 1Kg Bulk Truffle Trunk - Lemon Cheesecake,4889,13,376.076923,615,3,2026,5,2,4889.0,13.0,3.0,5352.0,4375
2026-06-01,MB873,Flow Wrap 1Kg Bulk Truffle Trunk - Lemon Cheesecake,4375,9,486.111111,761,7,2026,6,2,4375.0,9.0,7.0,4898.666667,4127
2026-07-01,MB873,Flow Wrap 1Kg Bulk Truffle Trunk - Lemon Cheesecake,4127,10,412.7,576,3,2026,7,3,4127.0,10.0,3.0,4463.666667,4402
2025-08-01,MB874,Flow Wrap 1Kg Bulk Truffle Trunk - Caramel Fudge,5733,16,358.3125,564,6,2025,8,3,,,,5733.0,6237
2025-09-01,MB874,Flow Wrap 1Kg Bulk Truffle Trunk - Caramel Fudge,6237,15,415.8,725,5,2025,9,3,6237.0,15.0,5.0,5985.0,6683
2025-10-01,MB874,Flow Wrap 1Kg Bulk Truffle Trunk - Caramel Fudge,6683,16,417.6875,636,5,2025,10,4,6683.0,16.0,5.0,6217.666667,7496
2025-11-01,MB874,Flow Wrap 1Kg Bulk Truffle Trunk - Caramel Fudge,7496,20,374.8,628,4,2025,11,4,7496.0,20.0,4.0,6805.333333,8735
2025-12-01,MB874,Flow Wrap 1Kg Bulk Truffle Trunk - Caramel Fudge,8735,19,459.736842,777,3,2025,12,4,8735.0,19.0,3.0,7638.0,9414
2026-01-01,MB874,Flow Wrap 1Kg Bulk Truffle Trunk - Caramel Fudge,9414,31,303.677419,480,6,2026,1,1,9414.0,31.0,6.0,8548.333333,8829
2026-02-01,MB874,Flow Wrap 1Kg Bulk Truffle Trunk - Caramel Fudge,8829,24,367.875,609,5,2026,2,1,8829.0,24.0,5.0,8992.666667,8169
2026-03-01,MB874,Flow Wrap 1Kg Bulk Truffle Trunk - Caramel Fudge,8169,24,340.375,566,6,2026,3,1,8169.0,24.0,6.0,8804.0,8124
2026-04-01,MB874,Flow Wrap 1Kg Bulk Truffle Trunk - Caramel Fudge,8124,18,451.333333,785,4,2026,4,2,8124.0,18.0,4.0,8374.0,7699
2026-05-01,MB874,Flow Wrap 1Kg Bulk Truffle Trunk - Caramel Fudge,7699,17,452.882353,578,7,2026,5,2,7699.0,17.0,7.0,7997.333333,7192
2026-06-01,MB874,Flow Wrap 1Kg Bulk Truffle Trunk - Caramel Fudge,7192,22,326.909091,481,3,2026,6,2,7192.0,22.0,3.0,7671.666667,7484
2026-07-01,MB874,Flow Wrap 1Kg Bulk Truffle Trunk - Caramel Fudge,7484,22,340.181818,574,3,2026,7,3,7484.0,22.0,3.0,7458.333333,7473
2025-08-01,MB875,Flow Wrap 1Kg Bulk Truffle Trunk - Strawberry Shortcake,5077,11,461.545455,748,4,2025,8,3,,,,5077.0,5266
2025-09-01,MB875,Flow Wrap 1Kg Bulk Truffle Trunk - Strawberry Shortcake,5266,14,376.142857,646,4,2025,9,3,5266.0,14.0,4.0,5171.5,6246
2025-10-01,MB875,Flow Wrap 1Kg Bulk Truffle Trunk - Strawberry Shortcake,6246,17,367.411765,509,3,2025,10,4,6246.0,17.0,3.0,5529.666667,7315
2025-11-01,MB875,Flow Wrap 1Kg Bulk Truffle Trunk - Strawberry Shortcake,7315,19,385.0,607,6,2025,11,4,7315.0,19.0,6.0,6275.666667,8332
2025-12-01,MB875,Flow Wrap 1Kg Bulk Truffle Trunk - Strawberry Shortcake,8332,22,378.727273,587,4,2025,12,4,8332.0,22.0,4.0,7297.666667,8592
2026-01-01,MB875,Flow Wrap 1Kg Bulk Truffle Trunk - Strawberry Shortcake,8592,28,306.857143,412,5,2026,1,1,8592.0,28.0,5.0,8079.666667,8155
2026-02-01,MB875,Flow Wrap 1Kg Bulk Truffle Trunk - Strawberry Shortcake,8155,22,370.681818,482,5,2026,2,1,8155.0,22.0,5.0,8359.666667,8055
2026-03-01,MB875,Flow Wrap 1Kg Bulk Truffle Trunk - Strawberry Shortcake,8055,23,350.217391,566,6,2026,3,1,8055.0,23.0,6.0,8267.333333,6792
2026-04-01,MB875,Flow Wrap 1Kg Bulk Truffle Trunk - Strawberry Shortcake,6792,20,339.6,560,7,2026,4,2,6792.0,20.0,7.0,7667.333333,6051
2026-05-01,MB875,Flow Wrap 1Kg Bulk Truffle Trunk - Strawberry Shortcake,6051,19,318.473684,470,3,2026,5,2,6051.0,19.0,3.0,6966.0,6031
2026-06-01,MB875,Flow Wrap 1Kg Bulk Truffle Trunk - Strawberry Shortcake,6031,21,287.190476,381,5,2026,6,2,6031.0,21.0,5.0,6291.333333,5408
2026-07-01,MB875,Flow Wrap 1Kg Bulk Truffle Trunk - Strawberry Shortcake,5408,14,386.285714,638,4,2026,7,3,5408.0,14.0,4.0,5830.0,5084
